n_row,n_col,threads,average_time,speedup,total_runs
1000000,1000000,1,0.000000,1.000000,10
1000000,1000000,2,2948.200000,0.000000,10
1000000,1000000,3,1871.600000,0.000000,10
1000000,1000000,4,1602.800000,0.000000,10
1000000,1000000,5,2321.600000,0.000000,10
1000000,1000000,6,1849.800000,0.000000,10
