n_row,n_col,threads,average_time,speedup,total_runs
1000000,1000000,1,70892713.200000,1.000000,10
1000000,1000000,2,37642565.300000,1.883312,10
1000000,1000000,3,26130448.400000,2.713031,10
1000000,1000000,4,20355190.000000,3.482783,10
1000000,1000000,5,16852714.900000,4.206605,10
1000000,1000000,6,14564600.800000,4.867467,10
